{
  "n": 4,
  "num_processes": 16,
  "io_seconds": 0.00151034,
  "compute_seconds": 0.0720629,
  "elapsed_seconds": 0.0735732,
  "dist": [
    [0, 18, 10, 16],
    [18, 0, 8, 34],
    [10, 8, 0, 26],
    [16, 34, 26, 0]
  ],
  "parent": [
    [-1, 2, 0, 0],
    [2, -1, 1, 0],
    [2, 2, -1, 0],
    [3, 2, 0, -1]
  ]
}
