{
  "n": 25,
  "num_processes": 16,
  "io_seconds": 0.00467839,
  "compute_seconds": 0.220167,
  "elapsed_seconds": 0.224845,
  "dist": [
    [0, 10, 10, 11, 13, 7, 10, 12, 8, 7, 9, 10, 8, 16, 1, 5, 8, 10, 11, 5, 6, 13, 14, 16, 9],
    [10, 0, 7, 2, 14, 4, 11, 9, 9, 9, 6, 1, 4, 10, 11, 10, 3, 7, 12, 6, 5, 15, 10, 13, 2],
    [10, 7, 0, 5, 9, 9, 10, 4, 13, 14, 1, 6, 8, 7, 11, 5, 8, 14, 12, 10, 9, 12, 5, 8, 9],
    [11, 2, 5, 0, 12, 4, 11, 7, 9, 9, 4, 1, 6, 8, 12, 8, 3, 9, 12, 8, 7, 15, 8, 11, 4],
    [13, 14, 9, 12, 0, 12, 19, 13, 19, 19, 10, 13, 17, 14, 14, 14, 13, 17, 20, 18, 18, 21, 14, 17, 16],
    [7, 4, 9, 4, 12, 0, 7, 11, 7, 7, 8, 3, 8, 12, 8, 12, 1, 11, 8, 8, 7, 13, 11, 15, 4],
    [10, 11, 10, 11, 19, 7, 0, 12, 5, 9, 9, 10, 14, 7, 9, 5, 8, 18, 2, 8, 9, 9, 15, 14, 11],
    [12, 9, 4, 7, 13, 11, 12, 0, 16, 14, 3, 8, 10, 11, 13, 7, 10, 16, 14, 14, 13, 8, 9, 10, 11],
    [8, 9, 13, 9, 19, 7, 5, 16, 0, 10, 13, 8, 13, 12, 9, 10, 6, 13, 3, 3, 4, 9, 16, 15, 7],
    [7, 9, 14, 9, 19, 7, 9, 14, 10, 0, 13, 8, 13, 9, 8, 12, 6, 16, 7, 12, 12, 6, 17, 12, 9],
    [9, 6, 1, 4, 10, 8, 9, 3, 13, 13, 0, 5, 7, 8, 10, 4, 7, 13, 11, 11, 10, 11, 6, 7, 8],
    [10, 1, 6, 1, 13, 3, 10, 8, 8, 8, 5, 0, 5, 9, 11, 9, 2, 8, 11, 7, 6, 14, 9, 12, 3],
    [8, 4, 8, 6, 17, 8, 14, 10, 13, 13, 7, 5, 0, 14, 7, 11, 7, 11, 16, 10, 9, 16, 8, 14, 6],
    [16, 10, 7, 8, 14, 12, 7, 11, 12, 9, 8, 9, 14, 0, 16, 12, 11, 14, 9, 15, 15, 13, 12, 7, 12],
    [1, 11, 11, 12, 14, 8, 9, 13, 9, 8, 10, 11, 7, 16, 0, 6, 9, 9, 11, 6, 7, 14, 13, 16, 10],
    [5, 10, 5, 8, 14, 12, 5, 7, 10, 12, 4, 9, 11, 12, 6, 0, 11, 15, 7, 7, 6, 14, 10, 11, 9],
    [8, 3, 8, 3, 13, 1, 8, 10, 6, 6, 7, 2, 7, 11, 9, 11, 0, 10, 9, 7, 6, 12, 11, 14, 3],
    [10, 7, 14, 9, 17, 11, 18, 16, 13, 16, 13, 8, 11, 14, 9, 15, 10, 0, 16, 13, 12, 13, 17, 7, 9],
    [11, 12, 12, 12, 20, 8, 2, 14, 3, 7, 11, 11, 16, 9, 11, 7, 9, 16, 0, 6, 7, 7, 17, 13, 10],
    [5, 6, 10, 8, 18, 8, 8, 14, 3, 12, 11, 7, 10, 15, 6, 7, 7, 13, 6, 0, 1, 12, 13, 18, 4],
    [6, 5, 9, 7, 18, 7, 9, 13, 4, 12, 10, 6, 9, 15, 7, 6, 6, 12, 7, 1, 0, 13, 12, 17, 3],
    [13, 15, 12, 15, 21, 13, 9, 8, 9, 6, 11, 14, 16, 13, 14, 14, 12, 13, 7, 12, 13, 0, 17, 6, 15],
    [14, 10, 5, 8, 14, 11, 15, 9, 16, 17, 6, 9, 8, 12, 13, 10, 11, 17, 17, 13, 12, 17, 0, 13, 12],
    [16, 13, 8, 11, 17, 15, 14, 10, 15, 12, 7, 12, 14, 7, 16, 11, 14, 7, 13, 18, 17, 6, 13, 0, 15],
    [9, 2, 9, 4, 16, 4, 11, 11, 7, 9, 8, 3, 6, 12, 10, 9, 3, 9, 10, 4, 3, 15, 12, 15, 0]
  ],
  "parent": [
    [-1, 0, 10, 11, 0, 0, 14, 10, 19, 0, 15, 16, 14, 9, 0, 0, 5, 14, 8, 0, 19, 9, 14, 10, 20],
    [1, -1, 10, 11, 3, 16, 5, 10, 16, 16, 1, 1, 1, 3, 12, 10, 11, 1, 5, 20, 24, 9, 3, 10, 1],
    [15, 10, -1, 10, 2, 16, 15, 10, 19, 3, 2, 3, 10, 2, 0, 10, 11, 1, 6, 20, 2, 7, 2, 10, 1],
    [5, 11, 10, -1, 3, 16, 5, 10, 16, 3, 3, 3, 1, 3, 0, 10, 11, 1, 5, 20, 24, 7, 3, 10, 1],
    [4, 11, 4, 4, -1, 4, 5, 10, 16, 16, 2, 3, 10, 4, 0, 10, 5, 4, 5, 0, 2, 7, 2, 10, 16],
    [5, 11, 10, 11, 5, -1, 5, 10, 16, 16, 3, 16, 1, 3, 0, 0, 5, 1, 5, 20, 24, 9, 5, 5, 16],
    [15, 11, 10, 11, 5, 6, -1, 10, 18, 18, 15, 16, 6, 6, 6, 6, 5, 8, 6, 8, 19, 18, 2, 13, 16],
    [15, 10, 10, 10, 2, 16, 15, -1, 16, 21, 7, 3, 10, 2, 0, 10, 11, 1, 6, 20, 2, 7, 2, 10, 1],
    [19, 24, 20, 11, 5, 16, 18, 10, -1, 18, 3, 16, 1, 6, 0, 20, 8, 8, 8, 8, 19, 8, 20, 21, 20],
    [9, 11, 10, 9, 5, 16, 18, 21, 18, -1, 3, 16, 1, 9, 0, 0, 9, 1, 9, 0, 24, 9, 3, 21, 16],
    [15, 10, 10, 10, 2, 16, 15, 10, 16, 3, -1, 3, 10, 2, 0, 10, 11, 1, 6, 20, 2, 7, 2, 10, 1],
    [5, 11, 10, 11, 3, 16, 5, 10, 16, 16, 3, -1, 1, 3, 0, 10, 11, 1, 5, 20, 24, 9, 3, 10, 1],
    [14, 12, 10, 11, 2, 16, 12, 10, 16, 16, 12, 1, -1, 3, 12, 10, 11, 1, 5, 20, 24, 12, 12, 10, 1],
    [9, 11, 13, 13, 13, 16, 13, 10, 18, 13, 2, 3, 1, -1, 6, 6, 11, 23, 6, 8, 24, 23, 2, 13, 1],
    [14, 0, 10, 11, 0, 0, 14, 10, 19, 0, 15, 16, 14, 6, -1, 0, 5, 14, 6, 0, 19, 9, 14, 17, 20],
    [15, 10, 10, 10, 2, 0, 15, 10, 18, 0, 15, 3, 10, 2, 0, -1, 11, 14, 6, 20, 15, 18, 2, 10, 20],
    [5, 11, 10, 11, 5, 16, 5, 10, 16, 16, 3, 16, 1, 3, 0, 10, -1, 1, 5, 20, 24, 9, 3, 10, 16],
    [14, 17, 10, 11, 17, 16, 14, 10, 17, 16, 1, 1, 1, 23, 17, 0, 11, -1, 8, 20, 24, 23, 3, 17, 1],
    [19, 24, 10, 11, 5, 18, 18, 10, 18, 18, 15, 16, 6, 6, 6, 6, 8, 8, -1, 8, 19, 18, 2, 21, 20],
    [19, 24, 20, 11, 0, 16, 18, 10, 19, 0, 15, 1, 1, 6, 0, 20, 24, 1, 8, -1, 19, 8, 20, 10, 20],
    [19, 24, 20, 11, 2, 16, 18, 10, 19, 16, 15, 1, 1, 3, 0, 20, 24, 1, 8, 20, -1, 8, 20, 10, 20],
    [9, 11, 10, 9, 2, 16, 18, 21, 21, 21, 7, 16, 21, 23, 0, 6, 9, 23, 21, 8, 19, -1, 2, 21, 16],
    [14, 11, 22, 22, 2, 22, 15, 10, 19, 3, 2, 3, 22, 2, 22, 10, 11, 1, 6, 20, 22, 7, -1, 10, 1],
    [15, 10, 10, 10, 2, 23, 13, 10, 21, 21, 23, 3, 10, 23, 17, 10, 11, 23, 21, 8, 2, 23, 2, -1, 1],
    [19, 24, 10, 11, 3, 16, 5, 10, 19, 16, 1, 1, 1, 3, 0, 20, 24, 1, 8, 20, 24, 9, 3, 10, -1]
  ]
}
